no,kelas_kode,kelas_nama,class_id,B02,B03,B04,B08,B8A,B11,NDVI,MNDWI,NDBI,Ratio_B8A_B11,longitude,latitude
1,building,Bangunan (Built-up),0,1111,1209,1535,1715,1648,2468,0.0554,-0.3424,0.18,0.6677,112.74123702935657,-7.234961747100693
2,building,Bangunan (Built-up),0,4128,4624,4518,4502,4120,3934,-0.0018,0.0806,-0.0673,1.0473,112.747564746017,-7.234000393868625
3,building,Bangunan (Built-up),0,1804,1974,2485,2544,2338,2704,0.0117,-0.156,0.0305,0.8646,112.74791377965693,-7.234312944928127
4,building,Bangunan (Built-up),0,1698,1797,2082,2130,2480,2814,0.0114,-0.2206,0.1383,0.8813,112.75191426848704,-7.232661373679894
5,building,Bangunan (Built-up),0,844,1008,1288,1587,1796,2145,0.104,-0.3606,0.1495,0.8373,112.75366393585114,-7.233240385101065
6,building,Bangunan (Built-up),0,1829,1988,2043,2006,2160,2812,-0.0091,-0.1717,0.1673,0.7681,112.75483370798561,-7.234076602709428
7,building,Bangunan (Built-up),0,2106,2336,2393,2374,2509,3144,-0.004,-0.1474,0.1395,0.798,112.75579562900535,-7.236239110090466
8,building,Bangunan (Built-up),0,1319,1483,1662,1651,1855,2656,-0.0033,-0.2834,0.2333,0.6984,112.7525475079137,-7.238896345360885
9,building,Bangunan (Built-up),0,678,927,1608,1838,1846,2510,0.0667,-0.4606,0.1546,0.7355,112.75128710491796,-7.242835591318954
10,building,Bangunan (Built-up),0,713,891,1281,1508,1836,2690,0.0814,-0.5024,0.2816,0.6825,112.74636403215672,-7.245685280108423
11,building,Bangunan (Built-up),0,926,1061,1055,1970,1828,1928,0.3025,-0.2901,-0.0108,0.9481,112.74561960608389,-7.245075275376237
12,building,Bangunan (Built-up),0,1155,1381,1617,1795,1783,2483,0.0522,-0.2852,0.1608,0.7181,112.7437064314842,-7.245494792297651
13,building,Bangunan (Built-up),0,1055,1358,1647,1807,2045,2777,0.0463,-0.3432,0.2116,0.7364,112.7437574384004,-7.247103917358876
14,building,Bangunan (Built-up),0,753,875,902,1314,1356,1571,0.1859,-0.2845,0.0891,0.8631,112.74370682201199,-7.245090281214171
15,building,Bangunan (Built-up),0,1139,1352,1412,1672,1861,2585,0.0843,-0.3132,0.2145,0.7199,112.74427774212396,-7.245233525515569
16,building,Bangunan (Built-up),0,1261,1352,1559,1861,2137,2757,0.0883,-0.3419,0.194,0.7751,112.74502433963639,-7.247858155122994
17,building,Bangunan (Built-up),0,787,814,912,1095,1399,1976,0.0912,-0.4165,0.2869,0.708,112.7438589994108,-7.248405385881575
18,building,Bangunan (Built-up),0,767,990,1361,1850,1934,2163,0.1523,-0.372,0.078,0.8941,112.74173084412708,-7.24942215864054
19,building,Bangunan (Built-up),0,955,1220,2022,2152,2193,3044,0.0311,-0.4278,0.1717,0.7204,112.74126956813565,-7.249758475721507
20,building,Bangunan (Built-up),0,838,934,1131,1627,1995,2567,0.1798,-0.4664,0.2241,0.7772,112.74144648092225,-7.252071325564787
21,building,Bangunan (Built-up),0,542,803,1148,2102,1852,1826,0.2935,-0.3891,-0.0703,1.0142,112.73761395765064,-7.252505030130518
22,building,Bangunan (Built-up),0,542,803,1148,2102,1852,1826,0.2935,-0.3891,-0.0703,1.0142,112.73772529575866,-7.2526158851528155
23,building,Bangunan (Built-up),0,542,803,1148,2102,1852,1826,0.2935,-0.3891,-0.0703,1.0142,112.73774822492402,-7.252526262113357
24,building,Bangunan (Built-up),0,893,1072,1539,1798,1956,2605,0.0776,-0.4169,0.1833,0.7509,112.73822421208719,-7.253104144024679
25,building,Bangunan (Built-up),0,805,1013,1467,1714,1873,2587,0.0776,-0.4372,0.203,0.724,112.73844705616241,-7.2531801838688486
26,building,Bangunan (Built-up),0,682,868,1258,1861,2100,2918,0.1933,-0.5415,0.2212,0.7197,112.73895491932322,-7.255280151898463
27,building,Bangunan (Built-up),0,1088,1241,1509,1709,1870,2668,0.0622,-0.3651,0.2191,0.7009,112.73960315523537,-7.2553069192041475
28,building,Bangunan (Built-up),0,2906,3262,3246,3350,2343,2574,0.0158,0.1179,-0.131,0.9103,112.73857082120688,-7.256532929178076
29,building,Bangunan (Built-up),0,3240,3262,3075,3844,2978,2925,0.1111,0.0545,-0.1358,1.0181,112.73888820216881,-7.256608388382058
30,building,Bangunan (Built-up),0,935,1053,1178,1349,1623,2230,0.0677,-0.3585,0.2462,0.7278,112.74012373157923,-7.258309301072593
31,building,Bangunan (Built-up),0,740,953,1396,1787,2004,2687,0.1228,-0.4764,0.2012,0.7458,112.74015880214212,-7.258159515464994
32,building,Bangunan (Built-up),0,935,1053,1178,1349,1623,2230,0.0677,-0.3585,0.2462,0.7278,112.7402362324059,-7.2582439667212215
33,building,Bangunan (Built-up),0,1004,1331,2038,2823,2884,3079,0.1615,-0.3964,0.0434,0.9367,112.74038443899536,-7.2593736968790505
34,building,Bangunan (Built-up),0,2958,3370,3780,3592,3061,3156,-0.0255,0.0328,-0.0646,0.9699,112.74066932930508,-7.26016660013
35,building,Bangunan (Built-up),0,2499,2660,2732,3488,3262,3284,0.1215,-0.105,-0.0301,0.9933,112.74019728827454,-7.260793184563827
36,building,Bangunan (Built-up),0,1954,2057,2148,2539,3127,4317,0.0834,-0.3546,0.2593,0.7243,112.74262490836604,-7.262429365295056
37,building,Bangunan (Built-up),0,1290,1692,2798,3222,3245,3659,0.0704,-0.3676,0.0635,0.8869,112.74331865298703,-7.262828489946424
38,building,Bangunan (Built-up),0,675,997,1003,2704,2512,2093,0.4589,-0.3547,-0.1274,1.2002,112.73842452798138,-7.267412620016922
39,building,Bangunan (Built-up),0,519,682,750,2076,2113,2373,0.4692,-0.5535,0.0668,0.8904,112.70500144684601,-7.276689211856661
40,building,Bangunan (Built-up),0,1287,1152,1040,1436,1248,1236,0.1599,-0.0352,-0.0749,1.0097,112.70456160978928,-7.277990300428914
41,building,Bangunan (Built-up),0,1611,1748,1947,2339,2317,2052,0.0915,-0.08,-0.0654,1.1291,112.70476114051453,-7.281251327352664
42,building,Bangunan (Built-up),0,570,692,722,1984,2045,1882,0.4664,-0.4623,-0.0264,1.0866,112.7056054637653,-7.281633179131888
43,building,Bangunan (Built-up),0,1050,1442,1817,2169,2281,2677,0.0883,-0.2998,0.1048,0.8521,112.67581879805157,-7.304548376832193
44,building,Bangunan (Built-up),0,1394,1641,2043,2214,2528,3121,0.0402,-0.3108,0.17,0.81,112.67517606010188,-7.304911656521563
45,building,Bangunan (Built-up),0,1394,1641,2043,2214,2528,3121,0.0402,-0.3108,0.17,0.81,112.67525086908225,-7.3045583766199425
46,building,Bangunan (Built-up),0,1048,1255,1514,1773,2081,2862,0.0788,-0.3903,0.235,0.7271,112.67609021013004,-7.306052101623339
47,building,Bangunan (Built-up),0,1048,1255,1514,1773,2081,2862,0.0788,-0.3903,0.235,0.7271,112.67621452661699,-7.306105247081198
48,building,Bangunan (Built-up),0,794,935,913,1913,2328,2639,0.3539,-0.4768,0.1595,0.8822,112.67029717318742,-7.308416639953426
49,building,Bangunan (Built-up),0,685,805,905,1751,1875,1855,0.3185,-0.3947,0.0288,1.0108,112.66844674527272,-7.313666208162932
50,building,Bangunan (Built-up),0,1771,1808,1759,1674,1610,1830,-0.0248,-0.006,0.0445,0.8798,112.66453560642658,-7.3125056708448355
51,building,Bangunan (Built-up),0,1327,1457,1549,1473,1622,2779,-0.0251,-0.3121,0.3071,0.5837,112.68851551825972,-7.249588027537543
52,building,Bangunan (Built-up),0,1488,1604,1770,2268,2297,2200,0.1233,-0.1567,-0.0152,1.0441,112.68088067452321,-7.261650427837755
53,building,Bangunan (Built-up),0,1370,1503,1625,1854,2001,2799,0.0658,-0.3013,0.2031,0.7149,112.67747152292812,-7.261431773558181
54,building,Bangunan (Built-up),0,900,963,1332,1728,1839,2674,0.1294,-0.4704,0.2149,0.6877,112.68871938118818,-7.266480946593858
55,building,Bangunan (Built-up),0,1166,1313,1437,1614,1870,2427,0.058,-0.2979,0.2012,0.7705,112.71199923824169,-7.234341955482525
56,building,Bangunan (Built-up),0,1057,1275,1300,2243,2161,2831,0.2662,-0.379,0.1159,0.7633,112.72115432115636,-7.267196540986148
57,building,Bangunan (Built-up),0,1874,2068,2245,2510,2299,3031,0.0557,-0.1889,0.094,0.7585,112.71819714581316,-7.265020229593216
58,building,Bangunan (Built-up),0,1020,1187,1254,1648,1709,2583,0.1358,-0.3703,0.221,0.6616,112.72531433154366,-7.275562076727982
59,building,Bangunan (Built-up),0,1286,1388,1448,1709,1877,2612,0.0827,-0.306,0.209,0.7186,112.72482495909377,-7.275681122139247
60,building,Bangunan (Built-up),0,1403,1512,1788,1887,1998,2930,0.0269,-0.3192,0.2165,0.6819,112.72519652170476,-7.274954402733322
1,sawah,Lahan Pertanian (Sawah),1,318,624,420,397,317,136,-0.0282,0.6421,-0.4897,2.3309,112.55920814529067,-7.078119458135905
2,sawah,Lahan Pertanian (Sawah),1,505,869,704,1158,883,431,0.2438,0.3369,-0.4575,2.0487,112.55784334691886,-7.078582061712887
3,sawah,Lahan Pertanian (Sawah),1,436,630,579,888,799,494,0.2106,0.121,-0.2851,1.6174,112.55539899785917,-7.08128973562826
4,sawah,Lahan Pertanian (Sawah),1,563,818,600,871,618,459,0.1842,0.2811,-0.3098,1.3464,112.55326969598688,-7.087963528492288
5,sawah,Lahan Pertanian (Sawah),1,348,595,439,597,426,273,0.1525,0.371,-0.3724,1.5604,112.56196999873154,-7.0907241529553975
6,sawah,Lahan Pertanian (Sawah),1,480,736,616,1271,1704,1472,0.3471,-0.3333,0.0733,1.1576,112.56712916408408,-7.09069901848423
7,sawah,Lahan Pertanian (Sawah),1,499,684,593,421,390,188,-0.1696,0.5688,-0.3826,2.0745,112.56362005433209,-7.097030931761226
8,sawah,Lahan Pertanian (Sawah),1,553,1060,612,657,614,333,0.0355,0.5219,-0.3273,1.8438,112.56456097796827,-7.102312525904664
9,sawah,Lahan Pertanian (Sawah),1,584,801,649,461,371,321,-0.1694,0.4278,-0.179,1.1558,112.56415055171874,-7.104580949484681
10,sawah,Lahan Pertanian (Sawah),1,675,809,680,507,420,147,-0.1457,0.6925,-0.5505,2.8571,112.56288123187598,-7.11426104254531
11,sawah,Lahan Pertanian (Sawah),1,617,946,582,405,340,151,-0.1793,0.7247,-0.4568,2.2517,112.56102063822351,-7.122284318014544
12,sawah,Lahan Pertanian (Sawah),1,567,987,637,531,389,172,-0.0908,0.7032,-0.5107,2.2616,112.5725400971475,-7.125893256293334
13,sawah,Lahan Pertanian (Sawah),1,434,779,465,452,340,123,-0.0142,0.7273,-0.5722,2.7642,112.58407886685511,-7.138304358853849
14,sawah,Lahan Pertanian (Sawah),1,508,829,656,979,864,513,0.1976,0.2355,-0.3123,1.6842,112.57984141014988,-7.144292069224784
15,sawah,Lahan Pertanian (Sawah),1,475,1013,569,736,554,139,0.128,0.7587,-0.6823,3.9856,112.57288081434403,-7.1478194786020754
16,sawah,Lahan Pertanian (Sawah),1,587,896,732,494,432,136,-0.1941,0.7364,-0.5683,3.1765,112.57508822103709,-7.150336329382065
17,sawah,Lahan Pertanian (Sawah),1,685,1099,835,607,493,141,-0.1581,0.7726,-0.623,3.4965,112.57540068345669,-7.152231633354408
18,sawah,Lahan Pertanian (Sawah),1,902,1034,1220,1468,1554,2223,0.0923,-0.3651,0.2046,0.6991,112.56888882235191,-7.16154330161846
19,sawah,Lahan Pertanian (Sawah),1,634,904,782,538,484,306,-0.1848,0.4942,-0.2749,1.5817,112.56147503799843,-7.1641688490710065
20,sawah,Lahan Pertanian (Sawah),1,759,954,949,1301,1029,871,0.1564,0.0455,-0.198,1.1814,112.55494612626842,-7.163060299620982
21,sawah,Lahan Pertanian (Sawah),1,436,755,443,575,418,206,0.1297,0.5713,-0.4725,2.0291,112.54036650868527,-7.159491912643239
22,sawah,Lahan Pertanian (Sawah),1,652,876,811,1134,965,735,0.1661,0.0875,-0.2135,1.3129,112.53574130044531,-7.155277584161561
23,sawah,Lahan Pertanian (Sawah),1,409,526,407,431,412,319,0.0286,0.245,-0.1493,1.2915,112.53752166666663,-7.1606743003802285
24,sawah,Lahan Pertanian (Sawah),1,494,880,535,938,823,322,0.2736,0.4642,-0.4889,2.5559,112.53793160092806,-7.168742741193268
25,sawah,Lahan Pertanian (Sawah),1,935,1141,1056,1344,1539,1364,0.12,-0.089,0.0074,1.1283,112.54281261776858,-7.173769381277162
26,sawah,Lahan Pertanian (Sawah),1,651,1000,816,1169,1161,253,0.1778,0.5962,-0.6442,4.5889,112.54595028254391,-7.1768170722325495
27,sawah,Lahan Pertanian (Sawah),1,414,816,519,554,419,103,0.0326,0.7758,-0.6865,4.068,112.54812066894681,-7.177142457040388
28,sawah,Lahan Pertanian (Sawah),1,542,994,622,659,521,262,0.0289,0.5828,-0.4311,1.9885,112.54157788989512,-7.1820373522985195
29,sawah,Lahan Pertanian (Sawah),1,372,662,393,559,734,391,0.1744,0.2574,-0.1768,1.8772,112.54102479451777,-7.184921131272374
30,sawah,Lahan Pertanian (Sawah),1,658,809,1157,1740,1886,2632,0.2012,-0.5298,0.204,0.7166,112.46352648381173,-7.235796102526734
31,sawah,Lahan Pertanian (Sawah),1,826,1027,1437,2415,2622,2964,0.2539,-0.4853,0.1021,0.8846,112.46121164493202,-7.238369836209883
32,sawah,Lahan Pertanian (Sawah),1,504,837,615,788,1270,1362,0.1233,-0.2387,0.267,0.9325,112.45506083690017,-7.235415811835851
33,sawah,Lahan Pertanian (Sawah),1,712,931,1258,1613,1963,2595,0.1237,-0.4719,0.2334,0.7565,112.45183854058597,-7.239297436940872
34,sawah,Lahan Pertanian (Sawah),1,2238,2590,3120,3652,3589,3981,0.0786,-0.2117,0.0431,0.9015,112.4528092117663,-7.245041777974191
35,sawah,Lahan Pertanian (Sawah),1,1011,1250,1753,2530,2853,3244,0.1814,-0.4437,0.1237,0.8795,112.45449711357271,-7.246287052815666
36,sawah,Lahan Pertanian (Sawah),1,631,758,947,1425,1534,2171,0.2015,-0.4824,0.2075,0.7066,112.45809702905436,-7.249943626895468
37,sawah,Lahan Pertanian (Sawah),1,957,1139,1438,2184,2139,2749,0.206,-0.4141,0.1145,0.7781,112.45740910053965,-7.251266571118759
38,sawah,Lahan Pertanian (Sawah),1,765,1207,995,4068,4377,2572,0.607,-0.3612,-0.2253,1.7018,112.45513868797248,-7.2525157722983105
39,sawah,Lahan Pertanian (Sawah),1,777,1064,1063,2752,2453,2438,0.4427,-0.3923,-0.0605,1.0062,112.4564583578867,-7.254203325228529
40,sawah,Lahan Pertanian (Sawah),1,995,1320,1664,2840,3159,3339,0.2611,-0.4334,0.0808,0.9461,112.45426170576488,-7.256495219717725
41,sawah,Lahan Pertanian (Sawah),1,857,1062,1391,1859,1927,2692,0.144,-0.4342,0.183,0.7158,112.45005334067484,-7.262202771516186
42,sawah,Lahan Pertanian (Sawah),1,710,991,1124,2516,2424,2730,0.3824,-0.4673,0.0408,0.8879,112.44174443042876,-7.26033566499971
43,sawah,Lahan Pertanian (Sawah),1,772,1038,1272,2212,2466,2783,0.2698,-0.4567,0.1143,0.8861,112.44073370258657,-7.259680985161761
44,sawah,Lahan Pertanian (Sawah),1,1139,1468,1990,2998,3122,3442,0.2021,-0.402,0.0689,0.907,112.43570673514628,-7.259979672752593
45,sawah,Lahan Pertanian (Sawah),1,916,1329,1383,3840,3797,2929,0.4704,-0.3758,-0.1346,1.2963,112.43419459059497,-7.263740626092814
46,sawah,Lahan Pertanian (Sawah),1,725,966,1192,2519,2443,2702,0.3576,-0.4733,0.0351,0.9041,112.43513695284048,-7.264713051905989
47,sawah,Lahan Pertanian (Sawah),1,705,940,1172,2095,2242,2851,0.2825,-0.5041,0.1529,0.7864,112.43199447938,-7.263464786833481
48,sawah,Lahan Pertanian (Sawah),1,783,1043,1367,3055,3106,3039,0.3817,-0.489,-0.0026,1.022,112.43294364732608,-7.263185143871903
49,sawah,Lahan Pertanian (Sawah),1,844,1185,1617,2757,2881,3002,0.2606,-0.434,0.0425,0.9597,112.4310495477858,-7.261556680099128
50,sawah,Lahan Pertanian (Sawah),1,1158,1500,2123,3025,3255,3526,0.1752,-0.4031,0.0765,0.9231,112.43028873426591,-7.259566333673908
51,sawah,Lahan Pertanian (Sawah),1,729,1097,968,3340,3442,2530,0.5506,-0.3951,-0.138,1.3605,112.42085529281728,-7.247396631096066
52,sawah,Lahan Pertanian (Sawah),1,747,919,1212,1667,1854,2565,0.158,-0.4724,0.2122,0.7228,112.4219587385854,-7.24580745738104
53,sawah,Lahan Pertanian (Sawah),1,1077,1300,1697,2575,2593,3503,0.2055,-0.4587,0.1527,0.7402,112.4274712624114,-7.187991950276072
54,sawah,Lahan Pertanian (Sawah),1,1009,1344,1781,2842,3077,3433,0.2295,-0.4373,0.0942,0.8963,112.35594256490037,-7.149825761998023
55,sawah,Lahan Pertanian (Sawah),1,852,1068,1386,2163,2555,3048,0.2189,-0.481,0.1698,0.8383,112.35699464159505,-7.145225019322923
56,sawah,Lahan Pertanian (Sawah),1,856,1171,1442,3380,3659,3615,0.4019,-0.5107,0.0336,1.0122,112.35981954662219,-7.135247495580018
57,sawah,Lahan Pertanian (Sawah),1,817,1050,1285,2531,2716,3201,0.3265,-0.506,0.1169,0.8485,112.36015478774405,-7.128283960798908
58,sawah,Lahan Pertanian (Sawah),1,783,1091,1508,2627,2868,3464,0.2706,-0.521,0.1374,0.8279,112.3722224960046,-7.11839245963192
59,sawah,Lahan Pertanian (Sawah),1,409,729,504,3044,3292,1473,0.7159,-0.3379,-0.3478,2.2349,112.3995381159298,-7.075240890907065
60,sawah,Lahan Pertanian (Sawah),1,391,694,450,4148,4357,1535,0.8043,-0.3773,-0.4598,2.8384,112.39635534059123,-7.075839687260306
1,perairan,Perairan (Water Body),2,462,478,401,326,268,149,-0.1032,0.5247,-0.3726,1.7987,112.71530360336635,-7.233590196079085
2,perairan,Perairan (Water Body),2,368,459,281,360,263,108,0.1232,0.619,-0.5385,2.4352,112.71884631117811,-7.234768719405953
3,perairan,Perairan (Water Body),2,964,1152,780,281,244,114,-0.4703,0.8199,-0.4228,2.1404,112.65759734393313,-7.000093009819925
4,perairan,Perairan (Water Body),2,990,1137,707,302,285,183,-0.4014,0.7227,-0.2454,1.5574,112.74502619859008,-6.982541411607853
5,perairan,Perairan (Water Body),2,1013,1271,1089,481,368,90,-0.3873,0.8677,-0.6848,4.0889,112.620219759986,-6.952480904420366
6,perairan,Perairan (Water Body),2,475,576,335,177,226,156,-0.3086,0.5738,-0.0631,1.4487,112.47138986470337,-6.868812611051924
7,perairan,Perairan (Water Body),2,581,614,355,214,278,257,-0.2478,0.4099,0.0913,1.0817,112.17860055251393,-6.853840873685567
8,perairan,Perairan (Water Body),2,333,524,296,101,86,147,-0.4912,0.5618,0.1855,0.585,112.211252794611,-7.219459190857576
9,perairan,Perairan (Water Body),2,1127,1382,1586,2116,2294,2648,0.1432,-0.3141,0.1117,0.8663,112.22037699358503,-7.198158141000907
10,perairan,Perairan (Water Body),2,374,323,174,173,191,150,-0.0029,0.3658,-0.0712,1.2733,111.25335533333333,-8.277495000000002
11,perairan,Perairan (Water Body),2,394,338,187,175,199,166,-0.0331,0.3413,-0.0264,1.1988,111.33435198531086,-8.292683762611174
12,perairan,Perairan (Water Body),2,402,384,252,212,216,192,-0.0862,0.3333,-0.0495,1.125,111.4110680375722,-8.307046139414801
13,perairan,Perairan (Water Body),2,514,884,663,3734,3927,2510,0.6984,-0.4791,-0.196,1.5645,111.22709864074291,-7.071512744897546
14,perairan,Perairan (Water Body),2,647,939,745,842,1604,1476,0.0611,-0.2224,0.2735,1.0867,111.22555851654919,-7.069657402033871
15,perairan,Perairan (Water Body),2,982,1115,1402,2076,1661,2185,0.1938,-0.3242,0.0256,0.7602,111.23776590969086,-6.698618885518238
16,perairan,Perairan (Water Body),2,849,1120,1087,1742,1379,798,0.2315,0.1679,-0.3717,1.7281,111.23384914392963,-6.6892676439364305
17,perairan,Perairan (Water Body),2,509,777,438,4012,3499,1063,0.8031,-0.1554,-0.5811,3.2916,111.23509068812538,-6.688007795380027
18,perairan,Perairan (Water Body),2,976,1288,1003,378,294,120,-0.4526,0.8295,-0.5181,2.45,111.23531496324482,-6.686125515795998
19,perairan,Perairan (Water Body),2,1000,1317,1108,386,298,103,-0.4833,0.8549,-0.5787,2.8932,111.24599084368474,-6.687235548882988
20,perairan,Perairan (Water Body),2,990,1301,1163,479,370,94,-0.4166,0.8652,-0.6719,3.9362,111.25552306058965,-6.686255118671622
21,perairan,Perairan (Water Body),2,1083,1338,1098,391,337,151,-0.4748,0.7972,-0.4428,2.2318,111.26707152283515,-6.684137804311663
22,perairan,Perairan (Water Body),2,1028,1276,846,249,216,104,-0.5452,0.8493,-0.4108,2.0769,111.28160784441961,-6.683200411394132
23,perairan,Perairan (Water Body),2,1071,1328,834,262,228,110,-0.5219,0.847,-0.4086,2.0727,111.3296067961832,-6.694501257179046
24,perairan,Perairan (Water Body),2,917,1026,595,232,205,94,-0.4389,0.8321,-0.4233,2.1809,111.35888863423493,-6.692336154673531
25,perairan,Perairan (Water Body),2,952,1092,555,175,166,103,-0.5205,0.8276,-0.259,1.6117,111.40278088168715,-6.679600939907825
26,perairan,Perairan (Water Body),2,821,801,322,156,158,73,-0.3473,0.833,-0.3624,2.1644,111.38651639134908,-6.66471204251694
27,perairan,Perairan (Water Body),2,912,915,405,197,204,132,-0.3455,0.7479,-0.1976,1.5455,111.3563570977528,-6.669356769336334
28,perairan,Perairan (Water Body),2,657,854,992,2026,2650,2639,0.3426,-0.511,0.1314,1.0042,111.60641363454386,-7.148139312737004
29,perairan,Perairan (Water Body),2,451,493,464,457,448,383,-0.0076,0.1256,-0.0881,1.1697,111.66835322791638,-7.155590148370285
30,perairan,Perairan (Water Body),2,638,902,851,3129,3254,2446,0.5724,-0.4612,-0.1225,1.3303,111.68669882079622,-7.151160860517412
31,perairan,Perairan (Water Body),2,274,336,278,382,281,355,0.1576,-0.0275,-0.0366,0.7915,111.74101878510292,-7.112822238377685
32,perairan,Perairan (Water Body),2,1137,1221,1377,2228,2236,2926,0.2361,-0.4111,0.1354,0.7642,111.76872057973407,-7.1113651260411785
33,perairan,Perairan (Water Body),2,328,371,349,593,557,536,0.259,-0.1819,-0.0505,1.0392,111.83109114932675,-7.129537410276694
34,perairan,Perairan (Water Body),2,290,346,368,321,306,339,-0.0682,0.0102,0.0273,0.9027,111.89402525059697,-7.13619543172015
35,perairan,Perairan (Water Body),2,321,433,345,630,637,280,0.2923,0.2146,-0.3846,2.275,112.42417913400367,-6.9821449894441665
36,perairan,Perairan (Water Body),2,432,649,491,2190,2332,1345,0.6337,-0.349,-0.239,1.7338,112.45014356518945,-6.982711610289078
37,perairan,Perairan (Water Body),2,233,426,217,3093,3102,1286,0.8689,-0.5023,-0.4127,2.4121,112.51107528876776,-7.028170624173963
38,perairan,Perairan (Water Body),2,382,610,331,396,318,185,0.0894,0.5346,-0.3632,1.7189,112.57104379753689,-7.031221799627417
39,perairan,Perairan (Water Body),2,834,1192,872,303,258,130,-0.4843,0.8033,-0.3995,1.9846,112.58814906110888,-6.872973899172425
40,perairan,Perairan (Water Body),2,878,1144,757,292,340,236,-0.4433,0.658,-0.1061,1.4407,112.60174633643126,-6.8596025642867575
41,perairan,Perairan (Water Body),2,853,957,498,215,254,208,-0.3969,0.6429,-0.0165,1.2212,112.60845141861883,-6.833062871947731
42,perairan,Perairan (Water Body),2,625,914,723,537,448,218,-0.1476,0.6148,-0.4225,2.055,112.40040999375388,-7.38270373747876
43,perairan,Perairan (Water Body),2,601,682,426,451,661,420,0.0285,0.2377,-0.0356,1.5738,112.39207792345262,-7.457934244504505
44,perairan,Perairan (Water Body),2,526,609,401,299,314,204,-0.1457,0.4982,-0.1889,1.5392,112.40377715267843,-7.457899721230662
45,perairan,Perairan (Water Body),2,559,637,399,351,357,244,-0.064,0.4461,-0.1798,1.4631,112.41457069310792,-7.457141577643378
46,perairan,Perairan (Water Body),2,462,572,326,247,319,220,-0.1379,0.4444,-0.0578,1.45,112.42940246930416,-7.459816743575753
47,perairan,Perairan (Water Body),2,509,607,556,792,702,468,0.1751,0.1293,-0.2571,1.5,112.50918982365624,-7.465002947941968
48,perairan,Perairan (Water Body),2,484,860,547,414,323,288,-0.1384,0.4983,-0.1795,1.1215,112.5224346944188,-7.468053759334308
49,perairan,Perairan (Water Body),2,553,938,642,732,1386,1020,0.0655,-0.0419,0.1644,1.3588,112.5345912440905,-7.470545396913897
50,perairan,Perairan (Water Body),2,394,480,345,372,348,347,0.0377,0.1608,-0.0348,1.0029,112.55632229611099,-7.475204760774174
1,hutan,Hutan Biasa,3,296,486,256,3538,4098,1684,0.8651,-0.5521,-0.355,2.4335,111.79948827828005,-7.461417020113387
2,hutan,Hutan Biasa,3,397,533,523,2433,2836,1914,0.6461,-0.5644,-0.1194,1.4817,111.81079163800327,-7.457307483015547
3,hutan,Hutan Biasa,3,588,769,1069,2490,2722,2776,0.3993,-0.5661,0.0543,0.9805,111.94809357922392,-7.814287588585247
4,hutan,Hutan Biasa,3,329,469,482,2062,2232,1922,0.6211,-0.6077,-0.0351,1.1613,111.95657075654611,-7.813295530153389
5,hutan,Hutan Biasa,3,359,507,465,2726,2983,1822,0.7086,-0.5646,-0.1988,1.6372,111.95735792838504,-7.809195222358632
6,hutan,Hutan Biasa,3,352,548,409,2948,2913,1753,0.7563,-0.5237,-0.2542,1.6617,111.9642491680216,-7.805917031455431
7,hutan,Hutan Biasa,3,190,272,167,2561,2820,1261,0.8776,-0.6451,-0.3401,2.2363,111.94823889148672,-7.845806138106856
8,hutan,Hutan Biasa,3,475,693,720,3172,3587,2461,0.63,-0.5606,-0.1262,1.4575,111.92358194297375,-7.888794136106343
9,hutan,Hutan Biasa,3,1007,1088,925,3148,3179,2943,0.5458,-0.4602,-0.0337,1.0802,111.81909739720707,-7.973464727620189
10,hutan,Hutan Biasa,3,1154,1215,1021,2472,2849,1619,0.4154,-0.1426,-0.2085,1.7597,111.80066042017192,-7.975205718073882
11,hutan,Hutan Biasa,3,521,808,929,2735,2828,2481,0.4929,-0.5087,-0.0487,1.1399,111.50993233208162,-8.082236110799036
12,hutan,Hutan Biasa,3,628,925,1050,2931,3294,2919,0.4725,-0.5187,-0.0021,1.1285,111.38933091154537,-8.017380101151074
13,hutan,Hutan Biasa,3,239,502,292,2423,2385,1278,0.7849,-0.436,-0.3094,1.8662,111.34962563409606,-8.007615375310637
14,hutan,Hutan Biasa,3,198,344,217,1793,1965,1078,0.7841,-0.5162,-0.249,1.8228,111.3510164328573,-8.004840553406336
15,hutan,Hutan Biasa,3,241,440,266,1959,2093,1053,0.7609,-0.4106,-0.3008,1.9877,111.34913067118976,-8.002394410004946
16,hutan,Hutan Biasa,3,222,361,215,1694,2232,1257,0.7748,-0.5538,-0.1481,1.7757,111.2575394349414,-7.970158870671206
17,hutan,Hutan Biasa,3,349,611,339,3529,3483,1704,0.8247,-0.4721,-0.3487,2.044,111.24333491389406,-7.973671245833299
18,hutan,Hutan Biasa,3,353,532,311,2590,2553,1373,0.7856,-0.4415,-0.3071,1.8594,111.24401889459253,-7.968357714665721
19,hutan,Hutan Biasa,3,213,401,232,1948,2132,1102,0.7872,-0.4664,-0.2774,1.9347,111.2045703916355,-7.891677059580889
20,hutan,Hutan Biasa,3,381,617,339,3047,3312,1476,0.7998,-0.4104,-0.3473,2.2439,111.202707526723,-7.895195895373215
21,hutan,Hutan Biasa,3,265,520,278,2497,2616,1160,0.7996,-0.381,-0.3656,2.2552,111.20960176804962,-7.880579419150288
22,hutan,Hutan Biasa,3,444,626,694,2235,2245,2693,0.5261,-0.6228,0.0929,0.8336,111.19542708611101,-7.868639789586859
23,hutan,Hutan Biasa,3,541,666,860,1461,1649,2375,0.2589,-0.562,0.2383,0.6943,111.36832204830827,-7.792117064455031
24,hutan,Hutan Biasa,3,463,616,757,1539,1820,2492,0.3406,-0.6036,0.2364,0.7303,111.3757103351461,-7.785525390905747
25,hutan,Hutan Biasa,3,577,757,898,2004,2328,2664,0.3811,-0.5574,0.1414,0.8739,111.3398428867428,-7.531470792375328
26,hutan,Hutan Biasa,3,483,693,748,2410,2499,2654,0.5263,-0.5859,0.0482,0.9416,111.34279784326898,-7.530286712112082
27,hutan,Hutan Biasa,3,590,703,894,1508,1626,2537,0.2556,-0.566,0.2544,0.6409,111.34687687769392,-7.517911051816072
28,hutan,Hutan Biasa,3,287,415,327,1896,2537,1690,0.7058,-0.6057,-0.0574,1.5012,111.32683880175283,-7.5061912256156145
29,hutan,Hutan Biasa,3,653,862,1131,2378,2631,3262,0.3554,-0.582,0.1567,0.8066,111.34487748108293,-7.511379529673621
30,hutan,Hutan Biasa,3,783,1023,1352,2373,2509,3599,0.2741,-0.5573,0.2053,0.6971,111.25759351288762,-7.476530116073353
31,hutan,Hutan Biasa,3,666,835,1090,1828,2022,3125,0.2529,-0.5783,0.2619,0.647,111.25553459951892,-7.488110459699167
32,hutan,Hutan Biasa,3,451,698,648,2234,2785,2657,0.5503,-0.5839,0.0865,1.0482,111.23587990314189,-7.417731969670226
33,hutan,Hutan Biasa,3,630,889,907,2426,2790,3358,0.4557,-0.5814,0.1611,0.8309,111.24047573715826,-7.423854595082952
34,hutan,Hutan Biasa,3,520,697,796,1885,2074,2427,0.4062,-0.5538,0.1257,0.8546,111.29365274562237,-7.4244103344062555
35,hutan,Hutan Biasa,3,617,816,996,1987,2275,3033,0.3322,-0.576,0.2084,0.7501,111.29749038834967,-7.380201771591085
36,hutan,Hutan Biasa,3,485,733,780,2461,2689,2972,0.5187,-0.6043,0.0941,0.9048,111.28658083023932,-7.36230190218886
37,hutan,Hutan Biasa,3,476,782,722,2532,2778,2716,0.5562,-0.5529,0.0351,1.0228,111.28842542055988,-7.336893869980867
38,hutan,Hutan Biasa,3,314,492,364,2554,3159,1809,0.7505,-0.5724,-0.1708,1.7463,111.44263839556538,-7.309061701184237
39,hutan,Hutan Biasa,3,408,633,512,2367,2431,1980,0.6443,-0.5155,-0.089,1.2278,111.47453306901141,-7.290180134675434
40,hutan,Hutan Biasa,3,438,731,527,3148,3165,2236,0.7132,-0.5072,-0.1694,1.4155,111.50323578688409,-7.314016064111208
41,hutan,Hutan Biasa,3,381,576,426,2774,2970,2015,0.7337,-0.5554,-0.1585,1.4739,111.5930149993355,-7.211355256570825
42,hutan,Hutan Biasa,3,514,665,781,1686,1848,2185,0.3668,-0.5333,0.1289,0.8458,111.59824757674177,-7.209267688370949
43,hutan,Hutan Biasa,3,301,497,334,2748,3132,1946,0.7833,-0.5931,-0.1709,1.6095,111.68134127286015,-7.438314194484338
44,hutan,Hutan Biasa,3,314,526,391,2431,2714,2290,0.7229,-0.6264,-0.0299,1.1852,111.68732667979681,-7.425800430165981
45,hutan,Hutan Biasa,3,249,378,199,2527,2717,1274,0.854,-0.5424,-0.3297,2.1327,111.71274044545487,-7.836139359864228
46,hutan,Hutan Biasa,3,811,1027,924,3481,3690,1944,0.5805,-0.3087,-0.2833,1.8981,111.67966562848096,-7.801644084120555
47,hutan,Hutan Biasa,3,340,515,309,3439,3287,1591,0.8351,-0.5109,-0.3674,2.066,111.83778032573642,-7.8917811385497165
48,hutan,Hutan Biasa,3,1800,1900,1694,3835,3889,2784,0.3872,-0.1887,-0.1588,1.3969,111.82425544833048,-7.8951230511274595
49,hutan,Hutan Biasa,3,3706,3634,3421,4848,4992,3520,0.1726,0.0159,-0.1587,1.4182,111.78742117730224,-7.886577369006496
50,hutan,Hutan Biasa,3,1418,1485,1373,3067,3358,2327,0.3815,-0.2209,-0.1372,1.4431,111.76023529953635,-7.883352909325456
1,mangrove,Hutan Mangrove,4,173,306,180,2165,2310,749,0.8465,-0.4199,-0.4859,3.0841,112.70954732133798,-7.167952497191632
2,mangrove,Hutan Mangrove,4,111,282,145,1977,2611,571,0.8633,-0.3388,-0.5518,4.5727,112.71200633662579,-7.1690612972967465
3,mangrove,Hutan Mangrove,4,730,930,771,1717,1184,826,0.3802,0.0592,-0.3504,1.4334,112.68036201525881,-7.039316306827656
4,mangrove,Hutan Mangrove,4,512,653,530,1564,1175,488,0.4938,0.1446,-0.5244,2.4078,112.68036917591925,-7.037594456805691
5,mangrove,Hutan Mangrove,4,528,660,525,1572,1109,574,0.4993,0.0697,-0.4651,1.9321,112.68091296066443,-7.035260280294272
6,mangrove,Hutan Mangrove,4,520,699,593,1431,2138,568,0.414,0.1034,-0.4317,3.7641,112.70913922833603,-7.0435075543369345
7,mangrove,Hutan Mangrove,4,231,489,261,2779,2960,907,0.8283,-0.2994,-0.5079,3.2635,112.76014471017129,-7.196628339617067
8,mangrove,Hutan Mangrove,4,441,801,537,2416,2720,1098,0.6363,-0.1564,-0.3751,2.4772,112.77624203939838,-7.2079781957249915
9,mangrove,Hutan Mangrove,4,383,670,368,3248,3402,1299,0.7965,-0.3195,-0.4286,2.6189,112.80318853072762,-7.248103649763498
10,mangrove,Hutan Mangrove,4,350,610,358,2712,2901,1275,0.7668,-0.3528,-0.3604,2.2753,112.80523856620418,-7.2506865592819745
11,mangrove,Hutan Mangrove,4,444,735,459,2975,3034,1346,0.7327,-0.2936,-0.377,2.2541,112.82668995529589,-7.25933377473376
12,mangrove,Hutan Mangrove,4,486,773,483,2957,3204,1340,0.7192,-0.2683,-0.3763,2.391,112.84036904083624,-7.275450546347129
13,mangrove,Hutan Mangrove,4,855,1101,1057,2706,3181,1812,0.4382,-0.2441,-0.1979,1.7555,112.84568331563634,-7.29233546750831
14,mangrove,Hutan Mangrove,4,440,769,446,3084,3320,1400,0.7473,-0.2909,-0.3756,2.3714,112.84543460572036,-7.300273915838228
15,mangrove,Hutan Mangrove,4,376,785,379,3302,3374,1354,0.7941,-0.266,-0.4184,2.4919,112.83763891261262,-7.308341845672984
16,mangrove,Hutan Mangrove,4,502,741,432,3312,3607,1377,0.7692,-0.3003,-0.4127,2.6195,112.83273815667029,-7.386569490385068
17,mangrove,Hutan Mangrove,4,257,429,303,2451,2825,915,0.78,-0.3616,-0.4563,3.0874,112.89244083457129,-7.618823814462319
18,mangrove,Hutan Mangrove,4,298,512,352,2608,2711,931,0.7622,-0.2904,-0.4739,2.9119,112.8948562030776,-7.620301183375356
19,mangrove,Hutan Mangrove,4,528,635,443,2725,2966,955,0.7203,-0.2013,-0.481,3.1058,112.90294831427194,-7.626029071178111
20,mangrove,Hutan Mangrove,4,503,600,412,2550,2881,848,0.7218,-0.1713,-0.5009,3.3974,112.90423337577734,-7.626637699058583
21,mangrove,Hutan Mangrove,4,512,673,433,3288,3623,1010,0.7673,-0.2002,-0.53,3.5871,112.90806937765856,-7.6279310801160305
22,mangrove,Hutan Mangrove,4,495,702,433,3286,3646,1024,0.7671,-0.1866,-0.5248,3.5605,112.91380656443482,-7.6277683410150345
23,mangrove,Hutan Mangrove,4,458,711,420,3296,3500,1188,0.774,-0.2512,-0.4701,2.9461,112.94972946485375,-7.621271263075227
24,mangrove,Hutan Mangrove,4,451,630,523,1437,1225,934,0.4663,-0.1944,-0.2121,1.3116,113.21353605549743,-7.735127915213153
25,mangrove,Hutan Mangrove,4,150,336,187,2773,2929,542,0.8736,-0.2346,-0.673,5.4041,114.37500635180344,-7.752342393015561
26,mangrove,Hutan Mangrove,4,195,401,236,2531,2514,659,0.8294,-0.2434,-0.5868,3.8149,114.37029910572397,-7.7530621233376715
27,mangrove,Hutan Mangrove,4,322,593,447,2744,2844,1697,0.7198,-0.4821,-0.2358,1.6759,114.44049400857821,-7.792443866757488
28,mangrove,Hutan Mangrove,4,182,371,215,2437,2783,665,0.8379,-0.2838,-0.5712,4.185,114.45965668026781,-7.846261300285506
29,mangrove,Hutan Mangrove,4,426,638,437,2199,2498,604,0.6684,0.0274,-0.569,4.1358,114.35537683240696,-8.468769615822934
30,mangrove,Hutan Mangrove,4,464,729,319,2842,2903,840,0.7982,-0.0707,-0.5437,3.456,114.3648390540535,-8.49093810195594
31,mangrove,Hutan Mangrove,4,489,588,543,1060,1218,806,0.3225,-0.1564,-0.1361,1.5112,114.23432232531728,-8.59658909785503
32,mangrove,Hutan Mangrove,4,1201,1453,1558,2118,2157,1620,0.1523,-0.0543,-0.1332,1.3315,113.99963218565449,-8.587523803411353
33,mangrove,Hutan Mangrove,4,297,453,302,2437,2874,941,0.7795,-0.3501,-0.4429,3.0542,113.58912411291095,-8.439168137219946
34,mangrove,Hutan Mangrove,4,368,642,441,2433,2605,1368,0.6931,-0.3612,-0.2802,1.9042,113.56152539585486,-8.423451568181056
35,mangrove,Hutan Mangrove,4,667,905,884,2385,2409,2202,0.4592,-0.4174,-0.0399,1.094,113.5622999339286,-8.422370539513649
36,mangrove,Hutan Mangrove,4,591,795,389,2943,3084,873,0.7665,-0.0468,-0.5425,3.5326,112.67144519472136,-8.43794697977803
37,mangrove,Hutan Mangrove,4,357,512,280,2231,2480,712,0.777,-0.1634,-0.5161,3.4831,112.67519193436243,-8.437023860726276
38,mangrove,Hutan Mangrove,4,295,412,269,1793,2437,604,0.7391,-0.189,-0.496,4.0348,112.67603202049237,-8.43643077578204
39,mangrove,Hutan Mangrove,4,295,530,415,2431,2655,1084,0.7084,-0.3432,-0.3832,2.4493,112.0101933682342,-6.834151677755958
40,mangrove,Hutan Mangrove,4,355,521,379,2488,2721,981,0.7356,-0.3063,-0.4344,2.7737,112.00995555459583,-6.835280673435116
41,mangrove,Hutan Mangrove,4,293,446,338,1767,2124,1265,0.6789,-0.4787,-0.1656,1.6791,112.01007064161027,-6.833639393542934
42,mangrove,Hutan Mangrove,4,1653,2073,2298,2882,3130,3528,0.1127,-0.2598,0.1008,0.8872,112.01304262985134,-6.8388900184359755
43,mangrove,Hutan Mangrove,4,1975,2559,2981,3586,3673,3438,0.0921,-0.1466,-0.0211,1.0684,112.01370879885431,-6.839547396895269
44,mangrove,Hutan Mangrove,4,315,530,470,2571,2683,1512,0.6909,-0.4809,-0.2594,1.7745,112.01340414630133,-6.84058193413412
45,mangrove,Hutan Mangrove,4,1017,1320,1492,2876,2974,2211,0.3168,-0.2523,-0.1307,1.3451,112.01426303569578,-6.842301446102845
46,mangrove,Hutan Mangrove,4,801,1059,886,736,718,193,-0.0925,0.6917,-0.5845,3.7202,112.66121165944843,-7.199064445459717
47,mangrove,Hutan Mangrove,4,1092,1112,1141,1844,2372,1680,0.2355,-0.2034,-0.0465,1.4119,112.6497755695466,-7.195116331050324
48,mangrove,Hutan Mangrove,4,372,652,389,3073,2882,1075,0.7753,-0.2449,-0.4817,2.6809,112.65887349176793,-7.1937394100930865
49,mangrove,Hutan Mangrove,4,389,607,425,2227,2349,1159,0.6795,-0.3126,-0.3154,2.0267,112.66316759820543,-7.200639244560572
50,mangrove,Hutan Mangrove,4,431,614,392,2432,2596,916,0.7224,-0.1974,-0.4528,2.8341,112.65984707967664,-7.208668314733391
