No,Polutan,Hari ke-,Tanggal,Nilai Polutan,Batas Pagar,Deviasi IQR,Kategori
1,SO2,3,2025-08-26,-7.582780e-04,< -4.484379e-04,2.81x IQR,Pencilan Bawah (Rendah)
2,SO2,14,2025-09-06,-6.216250e-04,< -4.484379e-04,2.23x IQR,Pencilan Bawah (Rendah)
3,CO,45,2025-10-07,4.648314e-02,> 3.723149e-02,3.67x IQR,Pencilan Atas (Tinggi)
4,NO2,46,2025-10-08,7.300000e-05,> 6.891250e-05,1.71x IQR,Pencilan Atas (Tinggi)
5,CO,48,2025-10-10,3.736736e-02,> 3.723149e-02,1.53x IQR,Pencilan Atas (Tinggi)
6,SO2,89,2025-11-20,-6.211190e-04,< -4.484379e-04,2.23x IQR,Pencilan Bawah (Rendah)
7,NO2,109,2025-12-10,9.730000e-05,> 6.891250e-05,2.92x IQR,Pencilan Atas (Tinggi)
8,SO2,139,2026-01-09,-5.413860e-04,< -4.484379e-04,1.89x IQR,Pencilan Bawah (Rendah)
9,NO2,207,2026-03-18,8.930000e-05,> 6.891250e-05,2.52x IQR,Pencilan Atas (Tinggi)
10,NO2,229,2026-04-09,7.740000e-05,> 6.891250e-05,1.93x IQR,Pencilan Atas (Tinggi)
11,NO2,276,2026-05-26,9.860000e-05,> 6.891250e-05,2.99x IQR,Pencilan Atas (Tinggi)
12,NO2,279,2026-05-29,8.710000e-05,> 6.891250e-05,2.41x IQR,Pencilan Atas (Tinggi)
13,SO2,290,2026-06-09,5.135580e-04,> 4.996631e-04,1.56x IQR,Pencilan Atas (Tinggi)
14,SO2,291,2026-06-10,8.143730e-04,> 4.996631e-04,2.83x IQR,Pencilan Atas (Tinggi)
15,SO2,302,2026-06-21,5.449830e-04,> 4.996631e-04,1.69x IQR,Pencilan Atas (Tinggi)
16,SO2,307,2026-06-26,-6.016540e-04,< -4.484379e-04,2.15x IQR,Pencilan Bawah (Rendah)
17,SO2,319,2026-07-08,6.966440e-04,> 4.996631e-04,2.33x IQR,Pencilan Atas (Tinggi)
18,SO2,344,2026-08-02,8.376940e-04,> 4.996631e-04,2.93x IQR,Pencilan Atas (Tinggi)
19,SO2,349,2026-08-07,-5.011460e-04,< -4.484379e-04,1.72x IQR,Pencilan Bawah (Rendah)
20,NO2,352,2026-08-10,7.590000e-05,> 6.891250e-05,1.85x IQR,Pencilan Atas (Tinggi)
21,SO2,355,2026-08-13,-4.854870e-04,< -4.484379e-04,1.66x IQR,Pencilan Bawah (Rendah)
