B02,B03,B04,B08,NDVI,label,kategori,longitude,latitude
650,884,790,2630,0.5380116957491194,sawah,Sawah,112.69858311256236,-7.078824619237884
588,849,827,2724,0.5342157137329722,sawah,Sawah,112.698560800241,-7.079162577493513
608,800,742,2898,0.5923076921449705,sawah,Sawah,112.69841899668293,-7.07895721705212
730,940,973,3064,0.5179588802283976,sawah,Sawah,112.69824015147182,-7.07892500711079
592,794,787,2580,0.5325215323633735,sawah,Sawah,112.69885670850488,-7.078035520747866
662,971,886,3112,0.5567783890553331,sawah,Sawah,112.69927269067138,-7.078266926878092
692,908,822,2894,0.5575888050167953,sawah,Sawah,112.69836226862523,-7.079133429224513
942,1218,1584,2864,0.2877697841079654,sawah,Sawah,112.69386256827671,-7.078502265595221
1014,1290,1638,2798,0.26149684394465805,sawah,Sawah,112.69342785754176,-7.078192467377584
929,1202,1570,2530,0.23414634140630575,sawah,Sawah,112.69091183665668,-7.0757345706901145
864,1110,1432,2790,0.3216485077400169,sawah,Sawah,112.69003262606438,-7.074026929839214
554,748,745,2508,0.5419612663566058,sawah,Sawah,112.69955209139488,-7.073219398691648
514,675,625,2554,0.6067945893026755,sawah,Sawah,112.69932760299078,-7.073034890409526
548,886,619,3776,0.7183162683234775,sawah,Sawah,112.69911847119437,-7.072274579330294
574,869,678,3496,0.6751317679264178,sawah,Sawah,112.69922892251836,-7.071978448585855
522,803,622,3944,0.7275514672081578,sawah,Sawah,112.6992255460795,-7.071126918492376
496,784,466,4488,0.8118691964449194,sawah,Sawah,112.69909425486354,-7.070363951372313
1978,2252,2404,3260,0.1511299434761423,sawah,Sawah,112.69640079040491,-7.0678528090620425
868,898,920,2866,0.513998943340201,sawah,Sawah,112.69593052363781,-7.067581919958073
570,836,648,3428,0.6820412167119624,sawah,Sawah,112.69468972471415,-7.067463473803241
758,974,1198,2314,0.3177676536680616,sawah,Sawah,112.69487654446965,-7.066433850883496
645,914,868,2602,0.4997118154179505,sawah,Sawah,112.6947012803256,-7.065895284693267
1154,1262,1186,2744,0.3964376589322042,sawah,Sawah,112.69573062956924,-7.066239583450927
1636,1736,1672,3328,0.33119999993376,sawah,Sawah,112.69623157975795,-7.066722691762463
1868,2106,1876,3496,0.3015636633839234,sawah,Sawah,112.69622942472358,-7.065578500064198
1140,1770,1990,3104,0.21868865327469794,sawah,Sawah,112.69586475631017,-7.065698914829522
665,920,880,2426,0.4676346036093059,sawah,Sawah,112.69500491149064,-7.064547845601023
604,834,719,2984,0.6116662164159692,sawah,Sawah,112.69490119522662,-7.064094046907629
567,809,644,3044,0.650759218912484,sawah,Sawah,112.69514851448176,-7.063327025373015
622,860,780,2814,0.5659432385737498,sawah,Sawah,112.69585179280962,-7.06292632956007
764,1004,1086,2564,0.40493150673837497,sawah,Sawah,112.69763470819771,-7.062882347133619
718,972,1002,2878,0.48350515451456055,sawah,Sawah,112.69710811090721,-7.0626300475478905
676,896,922,3008,0.5307888039361861,sawah,Sawah,112.69752093919382,-7.061352630967969
716,987,1038,2666,0.43952483789429675,sawah,Sawah,112.69590778446165,-7.060716054119304
530,870,628,3312,0.6812182739387771,sawah,Sawah,112.69531412804088,-7.060133036878881
634,912,798,2812,0.5578947366875638,sawah,Sawah,112.69607430589656,-7.0596936408609645
563,805,670,3096,0.644184811300004,sawah,Sawah,112.69597694670362,-7.059169125693161
626,898,998,2944,0.49365804147801673,sawah,Sawah,112.69636907682356,-7.058685900454725
660,914,752,3520,0.6479400747546956,sawah,Sawah,112.69862709155794,-7.058703311585172
594,880,564,4120,0.7591801877115327,sawah,Sawah,112.69954770058177,-7.059094524092159
804,976,1276,1784,0.1660130718411722,sawah,Sawah,112.68955316379412,-7.059310051167496
596,777,911,1840,0.33769538337415655,sawah,Sawah,112.68887220708399,-7.0600811205910725
688,864,1042,2176,0.3523927904436318,sawah,Sawah,112.68798224618628,-7.0596913948915265
782,1004,1046,2612,0.4281027882919347,sawah,Sawah,112.68651945481994,-7.058737978135473
761,930,924,2310,0.42857142843890805,sawah,Sawah,112.68674026362643,-7.058206561543707
688,919,1007,2398,0.4085168868110083,sawah,Sawah,112.68709691538375,-7.058521543733609
634,772,926,2504,0.4600583089037731,sawah,Sawah,112.68135342763239,-7.059010858424038
742,869,1162,2270,0.32284382274975415,sawah,Sawah,112.68052552714816,-7.059018279165069
646,776,1042,2590,0.4262114536271444,sawah,Sawah,112.68050363608366,-7.060192846648701
722,835,1150,2408,0.3535694209236736,sawah,Sawah,112.6793068757845,-7.0590629319579925
3932,3552,3456,3564,0.015384615382423843,bukan,Bukan Sawah,112.68796335085615,-7.073036458454246
856,1108,1842,2640,0.1780455153551884,bukan,Bukan Sawah,112.6881688144733,-7.072404180002824
450,642,440,3340,0.7671957669928053,bukan,Bukan Sawah,112.68951869120617,-7.072171923085667
650,946,1574,2588,0.24363286875453316,bukan,Bukan Sawah,112.68994310069117,-7.07090450795436
590,855,1192,2446,0.34469488720596625,bukan,Bukan Sawah,112.69096610000679,-7.070599358867291
396,592,389,3068,0.774949377849306,bukan,Bukan Sawah,112.6916966011201,-7.070261242497707
856,994,1104,1854,0.2535496956546485,bukan,Bukan Sawah,112.69221727759323,-7.0697322109635214
858,1054,1176,1946,0.24663677122144884,bukan,Bukan Sawah,112.69274894444922,-7.070176849910614
677,818,1090,1648,0.20379839291314888,bukan,Bukan Sawah,112.69350263153846,-7.069158851468937
514,687,906,2042,0.38534599715558143,bukan,Bukan Sawah,112.69222381762545,-7.068645119543044
672,880,1026,2610,0.4356435642366217,bukan,Bukan Sawah,112.69051185344354,-7.067681980716253
599,712,942,1940,0.34628730036561856,bukan,Bukan Sawah,112.68934329132333,-7.068625731338078
556,724,1094,2376,0.3694524494612529,bukan,Bukan Sawah,112.68804960316709,-7.068484572868923
886,1412,1252,2678,0.3628498726812087,bukan,Bukan Sawah,112.68762872043848,-7.067523546337826
448,521,425,589,0.161735700037736,bukan,Bukan Sawah,112.6864142132494,-7.064295296335954
826,890,1026,2078,0.33891752566400857,bukan,Bukan Sawah,112.68800001141236,-7.064475815154773
630,764,842,2264,0.4578235671417181,bukan,Bukan Sawah,112.69065453413857,-7.064137119220662
675,785,1036,2118,0.3430564361626327,bukan,Bukan Sawah,112.69126606449817,-7.063518537364454
833,1084,1884,2464,0.1333946641827519,bukan,Bukan Sawah,112.690669294426,-7.061496907551195
638,748,1044,1998,0.31360946735252815,bukan,Bukan Sawah,112.68864715386205,-7.061032121509247
1044,1224,1340,2340,0.27173913036094044,bukan,Bukan Sawah,112.69175470442406,-7.060524108274057
1062,1282,1454,2754,0.3089353611433138,bukan,Bukan Sawah,112.69242122269665,-7.060345388812482
813,1070,1328,2998,0.38603791022051825,bukan,Bukan Sawah,112.69406385701572,-7.062055219980933
706,916,1386,2498,0.2863027805648036,bukan,Bukan Sawah,112.68225378134917,-7.062898990956166
932,930,1108,1958,0.2772341812533483,bukan,Bukan Sawah,112.68063598014578,-7.063865007953989
3876,4212,3892,4128,0.029426433911542836,bukan,Bukan Sawah,112.68196167801135,-7.065830455121788
908,1172,1880,2614,0.1633288829187074,bukan,Bukan Sawah,112.68228357926353,-7.067792056205387
894,1038,932,3276,0.5570342203999443,bukan,Bukan Sawah,112.68179725024552,-7.068711988840283
1102,1426,2076,3112,0.1996915959522568,bukan,Bukan Sawah,112.68180473737374,-7.069556191919193
750,996,1580,2602,0.24438067904247232,bukan,Bukan Sawah,112.680005757716,-7.069292668920752
560,780,804,2734,0.5455059354026269,bukan,Bukan Sawah,112.67984997807241,-7.069880783352179
594,803,1076,2872,0.45491388033056895,bukan,Bukan Sawah,112.6811263788211,-7.072411126895323
959,1200,1640,2642,0.23400280237412358,bukan,Bukan Sawah,112.68269113236913,-7.072834380512019
978,1302,2104,3264,0.21609537998955003,bukan,Bukan Sawah,112.68051529640007,-7.076221259212089
610,784,728,2588,0.5609167670202302,bukan,Bukan Sawah,112.68354378338795,-7.078228953164815
1028,1334,1744,2158,0.10609943615937996,bukan,Bukan Sawah,112.68381773362837,-7.076416834230823
637,802,838,2812,0.5408219176600488,bukan,Bukan Sawah,112.68591743237579,-7.077807742666881
1242,1694,2106,2514,0.08831168829257321,bukan,Bukan Sawah,112.68419267172334,-7.0830316494356715
836,1122,1816,3156,0.2695092517559313,bukan,Bukan Sawah,112.68575994605013,-7.084052992935133
778,976,1138,2754,0.41521068848530046,bukan,Bukan Sawah,112.68738351597266,-7.0864798945894885
736,874,994,2348,0.40514661866991425,bukan,Bukan Sawah,112.69099778095347,-7.091555629780689
702,794,726,1924,0.4520754715275187,bukan,Bukan Sawah,112.69554997744814,-7.09086800948002
786,1026,1392,2344,0.2548179870838282,bukan,Bukan Sawah,112.69399302214121,-7.090634917616099
1018,1236,1548,3016,0.3216476774054234,bukan,Bukan Sawah,112.69385133012415,-7.089727345197801
516,756,728,2830,0.5907813376641986,bukan,Bukan Sawah,112.69491927250972,-7.087732685344472
1428,1618,1886,2048,0.04117946109781915,bukan,Bukan Sawah,112.6918929549168,-7.092562282217738
868,1110,1638,3042,0.29999999993589743,bukan,Bukan Sawah,112.68947484087236,-7.0924980494517085
880,1098,1790,2662,0.19586702601171,bukan,Bukan Sawah,112.68881877158174,-7.093185804910735
724,938,1296,2364,0.2918032786087969,bukan,Bukan Sawah,112.68876859714342,-7.091699438807803
1626,2034,2250,3440,0.20913884003354324,bukan,Bukan Sawah,112.68630254470382,-7.089827830764013
